cookie,sme_id
12548317906564291,5050622
12545670247506665,5048918
12548655086409437,5044093
12377191526013162,5050899
12434421901251218,5048829
12545111781271252,5049374
12462393621502872,5048448
12537176684687190,5046349
12541688464681038,5048448
12547317904674535,2834240
12532128383404829,5050741
12317242835873626,5050854
12548662063438585,5050543
12534866686291016,5050741
12458337217656585,5048829
1231457384877263,5050348
12537347100218346,5050888
12548585266496270,5050544
12548664071714618,5050622
12317617629683221,5050690
12515720901226014,5050456
0,5050741
12501136609249284,5050899
12391369886859127,5050780
12434421901251218,5048829
12548657846528169,5049741
12529487320942731,4362328
12547797682507820,5050348
12548664165114333,5050348
12314588258481861,5047572
12452758672655249,3415744
12314178535152568,5050556
12548662063438585,5050537
12548317906564291,5050556
12430418829387672,5044093
12540654993992341,5050265
12366362330959681,5049839
12314311906166728,5050899
12431853725424221,5049022
12456697444377038,4117105
12548661949068632,5049581
12434421901251218,5048829
12475162911167382,5050868
12314245730019210,5048331
12540953702059453,5049741
0,5050075
12314207999684059,5050899
12534562396507735,5050622
12434421901251218,5048829
12401496588406552,5050622
12315926503517762,5049206
12315903591309774,5050741
12485385320922277,5047780
12547830014441034,5050837
12502667743556271,5047780
12364605153246015,5049839
12548664057815803,5045378
12426805463324426,5032817
12377191526013162,5049581
12475162911167382,5050857
12357595657079764,5050622
1231457384877263,5049678
12493212990577345,5050622
0,5050483
12548330475284232,5049716
12546283859348798,5048957
12536395715461440,5049039
12314267647602870,5050348
12337449429396428,5050390
12428872417532474,3455700
12539160227063332,5050622
12372396290319353,5050348
12520055836355171,5048668
12463891135996392,5050622
12489736253818621,5038332
12338153366427742,5050741
12314238585769410,5050035
12489736253818621,5049222
12405228195313699,5038381
12434421901251218,5048829
12509722709147107,5045110
12498445119859778,5050348
12474292329099828,5026134
12458843270517887,5050075
12548662063438585,5050473
12434421901251218,5048829
12409523667712446,5049839
12548663306565064,5048957
12337910789402005,5050690
12548654539532016,5049222
12548659941799175,5049839
12505964238311937,4064949
12536382750704538,5049007
12548655086409437,5044386
12475162911167382,5050857
0,2368717
12316046357246777,5050622
12548222861976794,5049581
12546825729377265,5049581
12498587173533858,5050741
12434421901251218,5047132
12314273978055278,5050088
12494002006715351,5049716
12474528931569051,5050075
12314193144936645,5050622
12314472405711281,5050837
12485381716882395,5048502
12471364399858581,5050825
12545111781271252,5049581
12434421901251218,5048829
12548620475317168,5050825
12499794455159762,5050741
12324607304791992,5046737
12314967118312330,5049949
12548571723086278,5050726
12434267243416442,5050690
12364605153246015,5050348
12314202025116512,5047780
12379778582311939,4898311
12314406990331302,5048432
12548589355719141,5050622
12534607204601255,4543652
12509440684578615,5044093
12434421901251218,5047132
12524760204535215,5049581
12314294410588519,5050075
12462173535467221,5049171
12432492632694354,5049581
12545954040552118,5047984
12547692757663149,5050442
1254865984078525,4116553
12432492632694354,5050556
12537948191255612,5050075
12538279172507564,5050088
12399999193434329,4924271
12527903635934057,4280049
12314249550126383,5050505
12548662063438585,5049171
12338449461877849,4169783
12462173535467221,5048820
0,5050741
12548655086409437,5044093
12434421901251218,5048829
12532121669681847,5050556
12536223083902749,5050780
12405228195313699,5049527
12372395838196963,5050075
12375107742224929,5049497
12547735091345780,5047780
12462173535467221,5050854
12314363109293705,5050868
12548655086409437,5042615
12507978261431959,5049558
12319039387659041,5048448
12314422203694939,5049007
12314543997509175,5047780
12445553902044602,5050408
12428260085312344,5050348
12434421901251218,5050505
12537341096689705,5050622
12317242835873626,5050506
12508330083812468,5050442
12547735091345780,5050690
12548664275543124,5048918
12536573295684671,5050622
12356716615462876,5050780
12548589807043255,5050702
12458843270517887,5050622
12548655086409437,5047706
12539160227063332,5049581
12491717451095982,5050063
12545644250835108,5032761
12346400384386148,5050741
12314383414838764,5049581
12548651283132031,5050556
12548664354335112,5048519
12532785989437839,5050866
12432492632694354,5049716
12520122887659230,5046839
12544158384858089,5050088
12530191069413582,5041816
12460656968047011,5050622
12314411032508778,5047676
12314464520958885,5049716
12458337217656585,5048829
12314309838049226,5050012
12548664317964536,5050442
12518103432086102,5050702
12314323965319469,5050868
12314546964989647,5050866
12333471360101698,4437718
12548271856097609,5049581
12516737391626672,5049581
12314532256096622,5049839
12471875220685937,5049678
12405228195313699,5038519
12545987481798146,5050622
12314323965319469,5050765
12548330475284232,5050868
12547570840501093,5045378
12514552105716778,5049581
12317160276344203,5050868
12375390034737158,5050456
12370561516561886,5050854
12440153756865316,5049558
12407662773662862,5050726
12440153756865316,5050556
12535258017432629,5050348
12324607304791992,5046583
12538279172507564,5050442
95539295521755984,5050817
12546590792449832,5049100
12428260085312344,5050348
12503681927388215,5050866
12538598630784356,5050442
12539124449882247,5045189
12314235226996799,5050868
12314352451951650,5050857
95539295521755984,5050868
12545877131844297,5049581
12399737421119167,5050765
12540102200409535,5049741
12315926503517762,5050690
12548662142038207,5050690
12461814456442159,4116946
12315256307222483,5049219
12399737421119167,5050726
12527903635934057,4280049
12548664354335112,5050765
12314363109293705,5050505
12314352451951650,5050613
95539295521755984,5050866
12366362330959681,5050075
12428872417532474,5045412
12452787404215672,5050868
12425909543437575,5050622
12541332328257556,5028991
12399737421119167,5050702
12314411271568818,5049007
12495798001106798,5050566
12533895796339227,5050780
0,5050741
12399737421119167,5050721
12548663709798305,5049022
12314406990331302,5043458
12434421901251218,5050505
12461475133759581,5048957
12440153756865316,5050556
12512358051646107,5050868
12319039387659041,5050622
95539295521755984,5050857
12449759820313700,5050702
12548585266496270,5050075
12535400618886822,5049839
12414350251572592,5049007
1246090669296946,5050868
12533817590319135,5050721
12529464927031940,5050348
12314200787811061,5050690
12543338253471241,5050211
12324607304791992,5047780
1253816252493918,5049581
12548655086409437,5042615
12436364396535651,5050622
12548663440805210,5050636
12323838615875583,5050556
12315018451101074,5050556
95539295521755984,5050556
12548456821952513,5050442
12542926506393136,5050613
12451941830787316,5050556
12548655086409437,5049022
12519711526365897,5050741
12543050270005175,5050385
12380952918114320,5049558
95539295521755984,5050147
12376539800006841,5050088
12548655086409437,5050265
12505720893496216,5050613
12548663818597122,5034418
12548664732631312,5045823
12539905008558307,5050622
12485218677844306,5049581
12531315843907985,5050622
1253816252493918,5050622
12501966027816146,5049683
12314352451951650,5050699
12314235575191032,5049581
0,5050544
12323838615875583,5050868
12314178542485826,5050868
12434421901251218,5050505
12460262812269735,5047451
12315454102286341,5050702
12498587173533858,5050622
12533777243435756,5050456
12320601098408674,5050854
12344083572183757,5050857
12314373387616808,4882328
12548432754264229,5050868
12314363109293705,5050486
12548664657503371,5029498
0,5050857
12537385735781456,5050622
12425920860937099,5050075
12548664589639784,3491289
12499958453921918,4116626
12543050270005175,5049474
12505370083832019,5049007
12373806785207285,5050505
12314245730019210,5048448
12513682359116344,5050854
12335951170934740,5049588
12547690071691357,5044386
12464438393579297,5050899
12314767986561901,5049716
12316286781807099,5049839
12542926506393136,5050857
12548664677781007,5049678
12337449429396428,5048002
12548664621379647,5048519
12352957865608217,5049222
0,5050012
12314180672947666,5050857
12545548323603294,5050868
12366362330959681,5049716
12548662636967115,4973108
12315634190661753,5050702
12513579114683603,5049581
12548664694217914,5050702
12354331317294844,5049022
12330085520468271,5043782
12314273978055278,5047625
12332168796601297,5050857
12314406990331302,5044883
12479572772265953,4269782
12547232905795463,5050622
12330085520468271,5050904
12449759820313700,5050765
12322311429389051,5050348
12548664716682434,5049741
12449759820313700,5050765
12536227191094446,5048395
12548664354335112,5050265
12548432754264229,5050702
12505860348248666,5050547
12326632119489654,3594709
12314295097336151,5050741
12536882048018577,5050622
12513668073063080,5050868
12548665240311997,5049581
12545111781271252,5049839
12391794511528555,5050741
12541863422767541,5050622
12543441559218290,2979339
12535602331025045,5050854
12548655086409437,5049027
12461202108905556,5050702
12399928140257875,5048668
12460887353259231,5050075
12524797263049124,5050556
12548330475284232,5050699
12331509211321958,5050702
12444787900268140,5050702
12436956416953786,5050868
12548664735945579,5023560
12492514143703241,5050764
12548664354335112,5049022
12438390105464224,5050702
12517034717182748,5050442
12483490059212440,5049581
12533080811926860,5050613
12548589807043255,5050857
12362023802718459,5034418
12353040836837864,5049022
12323838615875583,5050613
12314472716811566,5050075
12544813728482000,4714704
12545644250835108,5050741
12548664750781583,5050344
12314203933595871,5050868
12544130914029977,5050868
12521411287929399,5050868
12548664750781583,5050344
12316046357246777,5050348
12377191526013162,5048755
95539295521755984,5050888
12548412876569359,5050505
12548664746395843,5049581
12314279049055879,5050904
12531654950454148,5050456
12426805463324426,5032761
12491717451095982,5049497
12506189747278564,5050442
12546533753808218,5050866
12314238585769410,5050325
12399920819377267,5050765
12524910617774839,5050622
12517034717182748,5049515
12534828009874628,5048580
12318480978435273,5050622
12521411287929399,5050702
12314543997509175,5048580
12520122887659230,5050556
12399920819377267,5050702
12485648925242808,5050868
12314472405711281,5050075
12548664354335112,5049007
12314411271568818,5048507
12548664988907959,4116619
12520458634844980,5042431
12320409725932507,5050186
12362023802718459,5049668
12343993820566729,5050702
12322444601565408,5050613
12548476252428759,5050556
12318480978435273,5049839
12475162911167382,5050868
12544253101409017,5049839
12314406990331302,5047953
12548657905336371,5049581
12332438980883243,5050857
12511281174531644,5050857
12548664354335112,5048507
12517342276337260,5047483
12497426937771433,5050556
12548657905336371,5049340
12356716615462876,5050544
12543332183894790,5050868
12548664820845590,5050249
12501124081479736,5050702
12391369886859127,5047635
12358120299068385,5050857
12492091537183433,5050741
0,5050868
12380920220038294,5050456
12535756145803204,5050075
12416437689278481,4449971
12429253757115261,4406974
12548664835503319,5049678
12314424949827889,5050442
12317112663978126,5050857
12507978111716285,5046705
12363754603319253,5050348
12506197349614283,4677594
12440153756865316,5048519
12314321462575562,5049705
12401301312188034,5048448
12548555179968109,5050702
12544130914029977,5050817
12314178971321157,5049342
12460887353259231,5049581
12429253757115261,4437541
12547383329891527,5050765
12501124081479736,5050868
12537176684687190,5048045
1246090669296946,5049705
12452566102956035,5050868
12438618507677030,5050556
12367848339118905,5050868
12314585924492298,5050857
12535602331025045,5049581
12517434350207594,5048918
12548660355196338,4376998
0,5050291
12542336178313715,5050857
12443804180009550,5050702
12317617629683221,5040310
12490774013719639,5050622
12533640810003051,3754593
12314411271568818,5050075
12323838615875583,5050740
12548662312037686,5050622
12548330475284232,5050702
12353378443551096,5050506
12548667955414647,5050866
12404331226874128,5050866
12542531197716392,5050348
12385020429958059,5050741
12416094270461774,5050857
12546533753808218,5050702
12429253757115261,3644098
12349105095689564,5049581
12314286700468317,5050868
12354170462349811,5049940
12548412876569359,5050505
12547620120729459,5050702
12548546211015332,5047014
12366362330959681,5049007
12348242589904223,5050702
12514686420047273,5044093
12548664354335112,5050075
12386060466893963,5049581
12317571336259869,5047572
12314321462575562,5050622
12548664716682434,5049558
12504000788227876,5050857
12393723682056337,5050690
12548408641423383,5050506
12512358051646107,5050428
12401059399065228,5048519
12543797689682483,5049515
12449759820313700,5048507
12522653529688768,5050145
12314235226996799,5050506
12527903635934057,4280049
12513668073063080,5048957
12314610121384456,5050348
12522630545473355,5044443
12548376235851675,5048448
12546794049372079,5050857
12479311707932581,5049022
12342167822181905,5050622
12548665031874712,5046594
12510512959379681,5050622
12504000788227876,5050854
12541690757784920,5048957
12548636241085638,5050868
12466846078647149,5050866
12546794049372079,5050868
12314297647081103,5050702
12548658299472027,5050857
12315254525257805,5050348
12548664891268164,5050325
12508330083812468,5049683
12531315843907985,5050622
12548664354335112,5049839
12317160276344203,5050505
12541722621564004,5050868
12458337217656585,5050613
12382836961991280,5050868
0,5050741
12419478930688033,5048519
12538212755157232,5050740
12436956416953786,5050699
12547267127203518,5049839
12450706827552403,5050868
12522465899154909,5049022
12522465899154909,5049581
12521411287929399,5050613
12546794049372079,5050765
12414350251572592,5050075
12314178971321157,5050794
12426805463324426,5031221
12538791288958600,5048519
12539703978079125,5050622
12320417483199693,5050899
12407691301009558,5049747
12541722621564004,5050866
12314396877135654,5050556
12535602331025045,5050622
12542310647516048,5050622
12340403339673665,5050622
12508330083812468,5050325
12547690071691357,5040243
12539691833961501,5050409
12351458000817724,5048755
12314390705213741,5049007
12547642222509374,5047014
12342234595157440,5049581
12323838615875583,5050409
12546794049372079,5050740
12548663798124650,4362741
12458337217656585,5050857
12514686420047273,5043991
12314191796918859,5050702
12505328938967532,4984671
12534562396507735,5049839
12522678315782767,5044093
12493374143288069,5031655
12543797689682483,5047463
12542336178313715,5050817
12548655086409437,5042911
12541722621564004,5050765
12314273351121763,5050868
12419478930688033,5047635
12536531834067179,5050348
0,5048626
12341942513617071,5050622
12548652952077181,2925508
12531207980626718,5050726
12522465899154909,5049716
12533895796339227,5050547
12317242835873626,5050899
12314471422346816,5050622
12314201834309071,5050075
12548662142038207,5049839
12536573295684671,5050622
0,5047572
12323838615875583,5050690
12548662636967115,4973108
12530927338482771,5049581
12547834818273956,5050868
12451544083126802,5049504
12409523667712446,5050780
12548585266496270,5049123
12449759820313700,5050291
12506905653928724,5050765
12378100449365756,5050868
12362789506876036,5049497
12314191796918859,5050866
12481892139155054,5044093
12541648842815233,5050622
12314504913284543,5047833
0,5050868
12547502744852616,5047502
12548664986661823,5050408
12538263338232981,5050556
12548625692476416,5050868
0,5046582
12548618546335470,4117317
12314396877135654,5050765
12483840588589327,5050622
0,5050075
12541722621564004,5050726
12532137874661110,5049678
12459937250153590,5050622
12494210558021206,5050325
12478362539436389,5049839
12457758508416685,5050857
12548585266496270,5049152
12541777557856377,5050622
12525227530881041,5050348
12457470288434710,5048580
12524910617774839,5050075
12432518515636542,5050622
12335717995043438,5050148
12508330083812468,5050035
12395014057226897,3570236
12314483012815185,5050868
12364605153246015,5050636
12543797689682483,5049481
12542531197716392,5048668
12344083572183757,5050868
12314320665843781,5049581
12546794049372079,5050904
12425920860937099,5050012
12548643494079250,5049654
12546283859348798,5049747
12384506548441893,5050622
12316712331315070,5050741
12324892959471955,5050857
12330826399494007,5049022
12314471422346816,5050702
12548662312037686,5047780
12318480978435273,5050177
12544198282664052,5050868
12531207980626718,5050868
12296276595051366,5050556
12546809824133120,5050702
12490685482855472,5050868
12494002006715351,5049497
0,5050857
12515290441565459,5049222
12535311234749817,5050741
12548529568502642,5043805
12522653529688768,5050075
12354331317294844,5049022
12548665270625222,5050518
12548665360009413,5049022
12541722621564004,5050702
12314396877135654,5050622
12370561516561886,5050348
12324858690805120,5049839
1254861612801287,5050556
12547620120729459,5050765
12544198282664052,5050866
12314424949827889,5050868
12548664057815803,5047780
12544253101409017,5048957
12449964599307135,5050622
12335717995043438,5050398
12544198282664052,5050556
12376539800006841,5049839
12546631554031068,5044386
12539023851256124,5050868
12489041982185049,5050741
12462215775508456,5050622
12544198282664052,5050857
12524459450147960,5050442
12384506548441893,5050075
12536573295684671,5047014
12520180432028143,5049022
12505860348248666,5050780
12449759820313700,5050075
12548476252428759,5050868
12548665408121053,5050702
12506189747278564,5050075
12545869607112350,5050780
12524910617774839,5050547
12336108977033214,5049581
12414350251572592,5049007
12543322198811091,5041816
12535315319818625,5050868
12380952918114320,5049581
12545951009131948,5047780
12402564327092219,5050868
12546809824133120,5050868
12548664657503371,5029498
12513219007411870,5050075
12314183674987587,5045412
12314183674987587,5014538
12314183674987587,5047076
12314183674987587,5047480
12314183674987587,5050075
12493212990577345,5050442
12385711271939095,5049581
12314311287965871,5049940
12524280666421486,5042356
12513219007411870,5050348
12314238585769410,5050442
12542537952479035,5050556
12541777557856377,5050442
12523404001093311,5050765
12535756145803204,5050442
12378352323217762,5050442
12374862854479239,5049747
12472238239456759,5050817
12314411271568818,5050547
12548655692037698,5050556
12440208871959684,5050765
12436225056794683,5048001
12533777243435756,5050699
12314513682183419,5050726
12501148692581467,5050622
12548459011569296,5050408
12548649175367706,5046848
12543050270005175,5050385
12416146551253945,5050622
12314513682183419,5050765
0,5050765
12443804180009550,5050868
12543298061665204,5050622
12447683771639666,5050075
12380327159856969,4426443
12516655982344085,5050765
12315180494363697,5050622
12541722621564004,5050857
12335717995043438,5050423
12544751890909952,5050741
12543306389688794,5050868
12523585989336939,5050442
12548550786195468,5050702
12316046357246777,5044093
12525998485008497,5050622
12314513682183419,5050857
12516661061606725,5050854
12548665597377556,5050866
12548597218596103,1278888
12420090477814846,5049705
12548659086283119,5050765
12537176684687190,5046349
12314411271568818,5050544
12520122887659230,5050622
12395532696417968,5050348
12314546964989647,5050702
12526732208756687,5050622
12337857484686688,5050442
12384506548441893,5050556
12513982531252255,5049747
12314472716811566,5050780
12314513682183419,5050868
12425920860937099,5050547
12531361505484263,5050015
12537176684687190,5050408
12543306389688794,5050866
12362685190004089,5050622
12335717995043438,5050599
12333383786011670,5050854
12526862485381934,4458240
12519215145747531,5048916
12548665527289986,4411738
12504602900893928,5050765
12362023802718459,5041005
12511302778758534,5050857
12461025954276469,5050702
12548400301953479,5050857
12548989578128021,5050613
12452566102956035,5050064
12513878758064729,5050780
12393723682056337,5047780
12543338253471241,5050048
12472541275579728,5050702
12548589355719141,5049581
12426805463324426,4966321
12548408641423383,5050492
0,5050868
12375911256862723,5045189
12548665551914566,5050888
12314502387305410,5049839
12527405948922130,5050556
12336108977033214,5050075
0,5050868
12538279172507564,5050447
12548550786195468,5050868
12536531834067179,5048957
12575449353744043,5050442
12502890008222090,5050854
12314320779336437,4505137
12546674284379416,5050817
12495798001106798,5049942
12336966171468556,5048519
12389437423758383,4117334
12527903635934057,4280049
12461475133759581,5048957
0,5050765
12548625692476416,5050702
12511302778758534,5050868
12314962251736681,5050702
0,5050868
12393501182841512,5049705
12314513682183419,5050780
12322873422383681,5050741
12503681927388215,5050866
12372396290319353,5049716
12314273351121763,5050866
12535979698546635,5044443
12548589807043255,5050613
12375911256862723,5050177
12314576939374252,5050556
12464826970235433,5049007
12458337217656585,5049716
12537045812865154,5049022
12544198282664052,5050348
12515720901226014,5049716
12544963329236732,5050547
12547383329891527,5050857
12545196498809537,5050899
12548620475317168,5050868
12362814693249529,5044443
12332438980883243,5050857
12418243902861289,5050702
12502890008222090,5050622
12511302778758534,5050702
12399999193434329,4491369
12531720601536363,5050857
12456826761549917,5049581
12544963329236732,5050012
12366362330959681,5049147
12314864850128131,5050866
0,5050075
12548665970484365,5050866
12465627056179003,5050854
12494002006715351,5049716
12544198282664052,5049949
12518103432086102,5050063
1254861612801287,5050075
12544963329236732,5050291
12487106532036142,5050868
12548665656875873,5050868
12395014057226897,3511518
12461025954276469,5050868
12517606008282096,5050442
12315254375676548,5049839
12451941830787316,5050556
12539695095641484,5050868
12314563076112430,5050726
12475162911167382,5050702
12314370913593533,5050690
12367714295302949,5048448
1254525668734704,5050868
12315531327253314,5050868
12548665656875873,5050866
12546004319884189,5050348
12404344342773161,5048507
12393501182841512,5049385
12548550786195468,5050726
12494002006715351,5048918
12456243262568723,5050702
12536382750704538,5050402
12314471422346816,5050899
12416437689278481,4449971
12548665656875873,5050702
12548645125833237,5050702
12472541275579728,5050622
12318858931531522,5050857
12548476252428759,5050348
12547672291016722,4117133
12541777557856377,5050825
12366362330959681,5049173
12521738578905498,5049147
12442920128902756,4045457
12354739440237521,5050868
12547641792795040,5050868
12314513682183419,5050265
12436379920959220,5043805
12529464927031940,5048448
12372239011683384,5049022
12548665903478432,5050721
12519652726508433,5050857
12419478930688033,5045197
12548643494079250,5049022
12315454102286341,5049497
12548665903478432,5050702
12532785989437839,5048801
12544253101409017,5048957
12461025954276469,5050442
12548665733821386,4074614
12533817590319135,5050899
12376491669847404,5050456
12548665903478432,5050726
12482637499243912,5050622
12323626907096523,5049683
12461814456442159,4117060
0,5050741
12547641792795040,5050622
12537465764594414,5050868
12548550786195468,5050556
12509440684578615,5042615
12509722709147107,5050854
12393501182841512,5047913
12544198282664052,5050613
12548550786195468,5050854
12546533753808218,5050868
12314767986561901,5048820
12406063426259861,5050442
12545892159204686,5050348
12547793090752171,5050622
12522769140777529,5050854
12548589355719141,5050456
12378955243709873,5048829
12434421901251218,5050505
12511058313397742,5050765
12521738578905498,5049022
12548665903478432,5050866
12548665656875873,5050857
12349125271871876,5049581
12426805463324426,5041816
12541347997302805,5050899
12314323965319469,5050147
12316712331315070,5045235
12483840588589327,5050075
12463831655497444,5050741
12314471422346816,5049377
12526732208756687,5049581
12513982531252255,5048448
12548665811473776,5037646
12314237758995667,5049705
12548665871924969,5048957
12314370913593533,5049581
12315284047402430,5049683
12548665904412053,5049747
12456763103216571,5047577
12363445959434924,5050899
12532137874661110,5050556
12433271864764284,5043991
12404331226874128,5050868
12314610121384456,5050899
12356328019681336,5048835
12420744552961349,5050741
12314323965319469,5050857
12496898015448916,5050868
12534868712456967,5050556
12548665950239051,5037592
12429253757115261,4269782
12527804612818284,5050825
12414533838129387,5044093
12456777761346444,5050868
12393501182841512,5047868
12530191069413582,5050622
12548200433148176,4049700
12545670247506665,5048918
12366362330959681,5044443
12548665813317114,5050556
12375107742224929,5050612
12546674284379416,5050866
12530191069413582,5032761
12454784704069160,5045743
12362258169828289,5050556
12461025954276469,5050556
12548665813317114,5050857
12544963329236732,5050075
12524511974212839,5050456
12434721705552698,5050741
12543395680906179,5050868
12314520913322165,5050868
12507978261431959,5049581
12508330083812468,5049515
12485648925242808,5050765
12548665924211966,5050622
12513982531252255,5050344
12525161213283624,5050741
0,5050857
12493846756909829,5048580
12544253101409017,5049839
12548550786195468,5050740
12399928140257875,5049219
1246090669296946,5049385
12524849650214557,5050702
12518103432086102,5050868
12378955243709873,5050506
12548550786195468,5050699
12486267291859978,5049683
12317617629683221,5034970
12505860348248666,5050291
12548472522121434,5050075
12543531209098152,5050622
12362789506876036,5050756
12515242148882807,5050868
12510320677651489,5050556
12380852830626658,5049413
0,5049385
12513219007411870,5050741
12523628412125751,5050868
12345753202546821,5050556
12315101242205728,5050702
12548664988907959,4912200
12516661061606725,5050868
12535258017432629,5048519
12462393621502872,5050152
12315254375676548,5050613
12454812060931774,5047706
12462173535467221,5050740
12362685190004089,5050765
12539023851256124,5050556
12449759820313700,5050780
12548702020273429,5050622
12461814456442159,4117031
12503681927388215,5049716
12537465764594414,5050702
12548665813317114,5050817
12499383391259509,5044093
12548665656875873,5050348
12393501182841512,5046738
12521826416702416,5050622
12544963329236732,5050702
12541347997302805,5050854
12362023802718459,5040912
12465360409996657,5050741
12548665903478432,5050506
12488949861584176,5050868
12537465764594414,5050721
12548665903478432,5050740
12465379046772649,5050857
12454812060931774,5049198
12319684887865213,5049581
12409523667712446,5050291
12547362093419661,5050075
12315722830669147,5050876
12545205573283613,5050868
12367030470785613,5050780
12354170462349811,5049123
12314178542485826,5050702
12424368949683128,5050622
12315817751253990,5050876
12402564327092219,5048957
12443804180009550,5050857
12370561516561886,5050857
12548610256053525,5050348
12548666033323792,5050581
12482637499243912,5050556
12314563076112430,5050740
0,5050699
12547752428366923,5050075
12548666204027959,3432422
12548632365483880,5047706
12389437423758383,4117341
12314253217811687,5050622
12513982531252255,5048668
12454812060931774,5044386
12364605153246015,5050699
12536531834067179,5050348
12372239011683384,5050442
12548666049678786,5050622
12314972034459728,5049716
12504000788227876,5050473
0,5050868
12507931626782423,5050765
0,5050868
12367030470785613,5049581
12541722621564004,5050699
12369490829683495,5050702
12317122633012009,5050148
12522117395433961,5050622
12548110493028329,4712051
12544960794185815,5050622
12490760018054646,5049747
1254857452875987,5049022
12525161213283624,5032761
12546590792449832,5048002
0,5050857
12545670247506665,5050505
12314972034459728,5049022
12532194528885085,5050075
12414533838129387,5040106
12314323965319469,5050854
12364192943254824,5050622
12457758508416685,5050702
12531348666658747,5050075
0,5050765
12536382750704538,5049007
12314441982993466,5050868
12500696422245402,5050702
12366362330959681,5049022
12322311429389051,5049949
12548666151317273,5049581
12541722621564004,5050740
12315181708565256,5050556
12538270356273995,5047075
12374736353396531,5050613
12534805998439454,5050899
12548625692476416,5050866
12382836961991280,5050702
12536882048018577,5050780
12393501182841512,5039572
12548665656875873,5050409
12546428278222534,5024654
12465627056179003,5050556
12314906064864785,5050868
12548665903478432,5050613
0,5049519
12507931626782423,5050868
12391375156499805,5050436
12547327689846854,5050868
0,5050075
12511302778758534,5050702
12407662773662862,5050699
12548550786195468,5050409
12450913609537203,5048507
12427788329945248,5050622
12499780127517921,5049385
12548620475317168,5049839
12548658558248965,5050075
12421413169562783,5049022
12522653529688768,5050012
12426805463324426,4933803
12481287472536574,5049716
12548666211545568,5049581
12507931626782423,5050857
12493638844379594,5050721
12536382750704538,5050544
12539055406401581,5050868
12426805463324426,4940478
12384506548441893,5048580
0,5050483
12425920860937099,5050721
12348242589904223,5050780
12548259444377843,5049850
12548666230698056,5050622
12537207139947255,5050857
12316712331315070,5041816
12492507026269813,5050857
12324020818564192,3412448
12391369886859127,5034418
12314524619887482,5050868
0,5050765
12314441982993466,5050702
12506189747278564,5049839
12499307293802959,5050868
12523404001093311,5049007
12314201834309071,5048395
12367030470785613,5050825
12531315843907985,5050622
12544375760468266,5049683
12327582466155768,5049581
12380852830626658,5042488
12451544083126802,5049834
12548665903478432,5050409
12544375760468266,5049678
12315005355956991,5047953
12454784704069160,5043904
12314215248282553,5050257
12372396290319353,5050756
12542379636568462,5050857
12314323965319469,5050544
12546004319884189,5042431
12496763599474763,5050868
12466067606613655,5050075
12524910617774839,5050899
12384797901095198,5050442
12440208871959684,5050702
12548664275543124,5039831
12314472405711281,5050780
12492507026269813,5050817
12482870915449802,5049331
12548436476467284,2020879
12538791288958600,5048275
12545670247506665,5050505
12452787404215672,5050866
12548667298753305,5048149
12526732208756687,5050075
12318858931531522,5050876
12547690071691357,5042615
12378352323217762,5050468
12541648842815233,5048448
12508062833128464,5050868
12507931626782423,5050740
12354739440237521,5050866
12523585989336939,5050868
0,5050857
12314279049055879,5049534
12507978111716285,5046746
12519215145747531,5048540
12436415694147235,5050741
12314502387305410,5049839
12429253757115261,4269782
12456777761346444,5050506
12548666013778027,5050888
12538791288958600,5047635
12543370175193785,5050854
12548665551914566,5050868
12496712894472579,5050780
12495798001106798,5049905
12533256173393735,5049581
12509722709147107,5050486
12541722621564004,5050064
12362685190004089,5043782
12530179289655205,5050780
12419478930688033,5045197
12498137576226980,5050726
0,5048001
12534411264533338,5050297
12548666361879819,5050556
12498137576226980,5050765
12314473661568561,5050868
12314906064864785,5050866
12548666484467262,5050556
12527903635934057,5028991
12543039865041281,5050868
12391369886859127,5050868
12316734915274422,5050556
12404344342773161,5050075
12548665836525520,4897578
12542266143598830,5050132
12314207999684059,5050817
12394545528389557,5050702
12498137576226980,5050868
12456777761346444,5050854
12548667955414647,5050899
12523071154206418,5050765
12432837300925585,5050702
12314471422346816,5050506
12383228891871075,5050868
12314323965319469,5050699
12314520913322165,5050348
12447409687458045,5050780
12504000788227876,5050486
12498137576226980,5050837
12314413891398168,5050740
12533895796339227,5050544
12512358051646107,5050780
12525161213283624,5045235
12379766827047131,5050741
12492507026269813,5050028
12522769140777529,5047953
12314776711451511,5049581
12497426937771433,5050622
12548585266496270,5043782
12499383391259509,5040243
12461942374185458,5050622
12522083811009110,5050348
12453039624393204,5050857
12375107742224929,5050484
12536531834067179,5050409
12548666376714243,5050587
12538046044064614,5050702
12544067210651485,5050857
12484653922581652,5050741
12536227191094446,5048395
12548400301953479,5050817
12540948392033517,5050741
12316712331315070,5048507
12523071154206418,5050702
12542537952479035,5050622
12499728716257109,5050868
12514385559992392,5044386
12548666445279952,3667165
12548666528043906,5048002
12509440684578615,5044093
12367714295302949,5049747
0,3652955
12332438980883243,5050622
12410446349662887,5050622
12548654195863965,5050442
12547454140159056,5050348
12476707532475190,5050780
12332168796601297,5050868
12533777243435756,5050857
12387910486544267,5050622
12546903403921016,4975649
12474966950422752,5050740
12494210558021206,5050035
12316084754695032,5050442
12362258169828289,5050348
12462215775508456,5050622
12416428975936027,3527874
12336670242589250,3344699
12314207999684059,5050817
12314213643748202,5050765
12527903635934057,5028991
12548665869068570,5050699
12414329761712416,5050613
12483840588589327,5050506
12314375391202959,5050868
12314309838049226,5050505
12548654195863965,5050325
12395014057226897,3460057
12523071154206418,5050726
12419886961701987,5050702
11362200936031318,5049684
12548222861976794,5049716
12426443354148349,5048395
12507931626782423,5048580
12344440137135371,5050348
12314422976409455,5050622
12461973175622466,5047953
12527020756405876,5050505
12534411264533338,5049977
12379387087172349,5050868
12548210376711647,5050868
12408564030158774,5049377
12314479953269249,5050756
12314273351121763,5050857
12498917264283378,5050622
12546674284379416,5050857
12408564030158774,5050348
12314563076112430,5050857
12482637499243912,5050442
12548644940623068,5050348
12314413891398168,5050613
12548665950239051,5037592
12541688464681038,5049839
12449759820313700,5050547
12369490829683495,5050866
12543306389688794,5048395
12375911256862723,5050613
12548666552036614,5049716
12548662142038207,5050866
12462215775508456,5050857
12544923388435469,5050868
12543531209098152,5048668
12545869607112350,5050544
11362200936031318,5049526
12323626907096523,5050442
12548233963572634,5050622
12501124081479736,5050765
12543039865041281,5050741
12542744751565951,5050726
12466846078647149,5050868
12541688464681038,5050825
12453039624393204,5050740
12538046044064614,5050702
12399928140257875,5048957
12523071154206418,5050868
12518103432086102,5050868
12512798926795494,5050741
12315049959903253,5050075
12390160270153858,5050857
0,5049839
12441018522256297,5050556
12548552643539205,5048507
12404331226874128,5050556
12374094493437131,4116548
12538044092927294,4157016
12473108018646757,5050556
12542744751565951,5050765
12543861699375396,5043777
12337449429396428,5050756
12542387378938555,5050741
12520121701442114,5050702
12493638844379594,5050868
12515019378414726,5050556
12378955243709873,5050854
12537311303558724,5049528
12545742868374141,5050348
12473108018646757,5050857
12504449667416438,5049581
12548664820845590,5050622
12315403669097088,4343512
12530326562451654,5050622
12548546211015332,5050442
12547267127203518,5031685
12462393621502872,5050063
11362200936031318,5048554
12314214607967840,5048519
12541369810606636,5050866
12547768048034063,5050622
12539695095641484,5049747
12315406695097994,5050857
12314419740606723,5049198
12461973175622466,5047953
12525251157721666,5050837
12519731718635581,5050868
12548665950239051,5037592
12547662387182167,4045244
12439393887348400,4116901
12513682359116344,5047780
12526564766096404,5050868
12314506628576313,5048428
12419570527266172,5050854
12526700305861781,5050899
12378352323217762,5046665
12496513698537804,5050857
12543050270005175,5050385
12523071154206418,5050699
12542744751565951,5050868
12538279172507564,5050756
12314464615687452,5050348
12460544893786371,5050348
12523071154206418,5050622
12473108018646757,5050868
12314438827696783,5050868
12316734915274422,5050854
12468216162143486,5049678
12501148692581467,5050622
12515720901226014,5049497
12314433945119544,5050075
12366362330959681,5049581
12548421838135927,5050857
12481646452933511,1148647
12545031885945519,5050702
12513668073063080,5050866
12546769657213912,5050613
12532956857717894,4263604
12539160227063332,5049374
12545889945743621,5050899
12541625704068701,5050868
12316317504069589,5050348
12314217102839390,5050866
12461973175622466,5047953
12508062833128464,5050866
12547768048034063,5048957
12479572772265953,3729179
11362200936031318,5049531
12547174479371105,5050866
12427376644073803,5049581
12548666748679358,5050622
12432049286562482,5050857
12523071154206418,5050866
12317171683422237,5050622
12548663635401270,5050868
12542544787076277,5050817
12494002006715351,5049716
12548665924211966,5050740
12548663056618276,5044443
12548666339472829,5049581
12314218301871239,5050702
12525251611877823,5050075
12547223931317386,5050348
12362258169828289,5050622
12548666768083138,5049022
12547569767654825,5050868
12315952283075533,5048519
12548666766813253,3294258
12315254525257805,5049683
12473281020645315,5050741
12358120299068385,5050857
12314411271568818,5050291
12545877303434175,5050581
12314213881382910,5050622
12314217102839390,5050765
12524849650214557,5050765
12473442848437706,5050622
12315634190661753,5049558
12527903635934057,5042278
12331368408369221,5050444
12548665551914566,5050899
12548655503034552,3586853
12548666721259972,5050622
12508737316974507,5048755
12324020818564192,3412448
12314245730019210,5048626
0,5050483
12488194389202764,5049558
12315634190661753,5050456
12548667076253602,3917713
0,5050868
12544963329236732,5049497
12314217102839390,5050702
12541369810606636,5050868
12322794372964168,5050765
12317375813904002,5050868
12395014057226897,3458220
12544977421459779,5050765
12357667918339042,5050741
12485648925242808,5050726
12465684994661329,5007069
12348242589904223,5050402
12548459011569296,5046349
12494002006715351,5049374
12314629063978428,5050622
12322771839491288,5050866
12507846115272440,5044443
12367714295302949,5050344
12548271856097609,5044356
12541722621564004,5050613
10984649296093526,4996236
12314563076112430,5050817
12433608424398744,5050505
12408564030158774,5050857
12506189747278564,5049022
12315271153743016,5046852
12532785989437839,5050825
12539111280468257,5050868
12509369159884345,5050702
12404331226874128,5050854
12343730588398990,5031100
12425909543437575,4601016
12436085934805350,5044443
12460977180154273,5050726
12337449429396428,5049259
12536227191094446,5050726
12524511974212839,5050348
12548649175367706,5049325
12546903403921016,5015044
12548664275543124,5027788
12433608424398744,5048829
12534868712456967,5050622
12314576939374252,5050854
12321904303246640,5050866
12374894307941298,5050556
12548666230698056,5048448
12369490829683495,5050868
12505964238311937,5033138
12548654092333882,5042615
12366362330959681,5048507
12533957629379118,5050868
12541722621564004,5050409
12515019378414726,5050556
12314180672947666,5050868
12321134368494818,5049581
12483854863597201,5049581
12471364399858581,5050075
12548665869068570,5047598
12531382076799572,5049581
12316085555629026,5050622
12465474592361488,3672534
12531347595002260,5050442
12508062833128464,5049814
12539896491448420,5050741
12548666918957985,2305327
12461475133759581,5049911
12523071154206418,5050899
12544963329236732,5050063
12540948392033517,5032761
12437044679533528,5050765
12519194343599310,4007033
12543343514559170,5050348
12314802385495307,5050899
12515019378414726,5050556
12533256173393735,5050866
12314504106579084,5050868
12548620475317168,5050868
12446499528225665,5050741
12341247825506380,5050868
12548421838135927,5050699
12530326562451654,5048957
12542744751565951,5048519
12520057268518011,5049022
12539111280468257,5050622
12548666987548150,5050866
12525251157721666,5050075
12360348383626216,5050444
12354170462349811,5049026
12331509211321958,5050442
12548585266496270,5049007
12531361505484263,5050015
12537363229236397,5050538
12523071154206418,5050740
12348060903439431,4731859
12545661213536214,5039362
12404344342773161,5050291
12317636544189734,5049259
0,5049581
12527903635934057,5031698
12509311576287875,5050699
12314472405711281,5049007
12316114117336108,5049581
12418243902861289,5050622
12513219007411870,5050876
12363681973229148,5050699
12494002006715351,5049716
12542744751565951,5050265
12548210376711647,5050866
12472921500455597,5049022
12505860348248666,5049588
12314183061527720,5050622
12504588641234697,5050857
12548665871924969,5050765
12467932206797934,3545022
12547752428366923,5050868
12548666484467262,5050702
12548657846528169,5044443
12525251157721666,5050622
12536377749849255,5050556
12465627056179003,5048835
12495529529275893,5049747
12499307293802959,5050702
0,5048269
12532255195009030,5050702
12494711045152468,5050075
12531361505484263,5050028
12318788915738679,4243017
12314509406097492,5049581
12360348383626216,5050457
12434095669478509,5050622
12532278236859409,5050899
12466956020622848,5050868
12542336178313715,5050817
12523071154206418,5050613
12515019378414726,5050442
12358120299068385,5050868
12508737316974507,5050470
12546590792449832,5049581
12529426372674199,5049022
12315320841405826,5048519
12314411271568818,5050402
12460977180154273,5050544
12444787900268140,5050622
12323974927549449,5049342
12511302778758534,5050857
12548662905938137,5050622
12461814456442159,4117060
12523404001093311,5050291
12418212988723037,5049839
12546428278222534,5049377
12543414891714098,5050622
12323974927549449,5049814
12546622450273972,5050780
12430152508913543,5050868
12489018065337062,5050506
12374849519011514,5034433
12314220392184842,5050622
12314503443901814,5050442
12416167718344270,5039286
12548421838135927,5050613
0,5049949
12314559172681179,5050470
0,5050075
12517851886093040,5050622
12531248023596735,4226557
12367224164739933,5048957
12427788329945248,5048957
12486267291859978,5050075
12318788915738679,4071988
12505964238311937,5028166
12323974927549449,5050127
12323974927549449,5050147
12402564327092219,5050622
12360348383626216,5050679
12470660918129566,5050765
12314178542485826,5050765
12323838615875583,5050780
12543414891714098,5049581
12362685190004089,5050505
12548664057815803,5050765
12323974927549449,5050556
12533256173393735,5050868
12546533753808218,5050506
12375107742224929,5050333
12528775641186055,5050556
12337035429461065,5049581
12494002006715351,5050063
12529426372674199,5049581
12323974927549449,5050857
12548663143473975,5050075
12575449353744043,5050740
12362685190004089,5048829
12469814483578696,5048519
12342195658524774,5050817
12498587173533858,5050702
12522630545473355,5049374
12354739440237521,5050702
12535622167976827,5050888
12314411271568818,5050291
12548330475284232,5050857
12539731534534567,5044093
12548667198523126,5050325
12314411271568818,5050544
12548546211015332,5050348
12504000788227876,5050505
12386018847378290,5050854
12323626907096523,5049683
12532785989437839,5048957
12323974927549449,5050868
12450526052596471,5050505
12548330475284232,5050817
12548664746395843,5050756
12314524619887482,5047577
12447903068485393,5050868
12378955243709873,5048820
12548667091409771,4117145
12532720203145262,5050868
12548625692476416,5050765
12539023851256124,5050866
12543797689682483,5047463
12314235575191032,5049385
12548667098091349,5048519
12548259444377843,5049850
12548330475284232,5050506
12543414891714098,5050075
12347468697365788,5050868
12543039865041281,5045235
12323974927549449,5050866
12548589807043255,5050409
12320075814684805,5050622
12314411271568818,5043782
12432492632694354,5049716
12323974927549449,5050505
12494210558021206,5049206
12432537393804860,5050683
12314450271023301,5050868
0,5048507
12323974927549449,5050817
12541181021096233,5050690
12548667102202023,5049581
12457470288434710,5050868
12364359373592825,5047625
12383228891871075,5050857
12365682403596553,5050765
12447456553479288,5050765
12339469413591820,5050442
12362685190004089,5050505
12508062833128464,5049814
12460977180154273,5050075
12469967766562220,5050868
12539504309255995,5050741
12486382304822879,5049683
12547802751968719,5048395
12504000788227876,5050521
12316101673457052,2554076
12314311906166728,5050348
12410407355782971,5050622
12316734915274422,5048821
12315203124848305,5050622
12548652647597053,5050868
12390512566996103,5044278
12427590669466849,5050012
12538175770547118,5049022
12532720203145262,5050866
12548663056618276,5049007
12432492632694354,5049558
12314433945119544,5050291
12548662142038207,5050556
12547957962294188,5050868
12542310555112780,5050741
12546141518448333,5050622
12332168796601297,5050726
12516655982344085,5050622
12415158781874432,5050622
12543797689682483,5049683
12547830014441034,5050765
12548659086283119,5050765
12380952918114320,5049558
12548476252428759,5050348
12406773392593211,5050741
12427269576638915,5050741
12362685190004089,5047132
0,5050765
12504449667416438,5050442
12314576939374252,5050556
12546037975878112,5050854
12498587173533858,5050765
12327503745358590,5049683
12315320841405826,5050868
12466067606613655,5050868
12548667326278241,5050348
12434374155154017,5050868
12469967766562220,5050765
12546700910728727,5050868
12314559172681179,5050622
12374894307941298,5050702
0,5050726
12515242148882807,5050249
12314181201132623,5050075
12548666013778027,5050741
12508062833128464,5050348
12548667362832021,5049581
12314576939374252,5049581
12314504143282100,5050756
12314235575191032,5049705
12532785989437839,5049007
12544963329236732,5049497
12489099244763197,5050348
12328875382867822,5050702
12323974927549449,5050721
12544963329236732,5050702
12546533753808218,5048755
12548654195863965,5050442
12315406695097994,5049022
12323974927549449,5050702
12314180955481516,5050702
12360348383626216,5050809
12326453386208104,5050740
12485538177186584,5050699
12458434438022579,5050741
12548663134689410,5050868
0,5050868
12533256173393735,5050765
12323626907096523,5050622
12367714295302949,5049747
12539160227063332,5048918
12427590669466849,5050780
12542537952479035,5050442
12375870414452329,5003513
12548459011569296,5046368
12323974927549449,5050015
12323838615875583,5050612
12458843270517887,5047598
12482637499243912,5050442
12323974927549449,5050028
12314435183115627,5050868
12546141518448333,5049581
12314481078645123,5049581
12548210063605128,5050556
12548667319984164,3252914
12458434438022579,5050741
12547334700001675,5050702
12323974927549449,5050061
12505170816662474,5043805
12314563076112430,5050613
12535756145803204,5050866
12314504106579084,5050868
12543050270005175,5036081
12380952918114320,5050063
12351404087653614,5050249
12548667109475172,3050789
12362685190004089,5044986
12343730588398990,5050721
0,5050857
12547549593553485,5049683
12515019378414726,5050702
12401059399065228,5050702
12542990896567328,5050442
12416167718344270,5038023
12314464615687452,5050622
12517851886093040,5050442
12548655692037698,5050556
12332438980883243,5050857
12430801044563296,5050622
12314617457503048,5050868
12318793695966197,5050641
12533957629379118,5048957
12519215145747531,4354504
12539124449882247,5048796
12543797689682483,5048976
12548663635401270,5050486
12314503443901814,5050035
12535536911514921,5050857
12548665924211966,5048580
12536573295684671,5049705
12464644953123435,5050257
12548400301953479,5050506
12495798001106798,5049474
12479572772265953,4256397
12314778201568899,5050899
12539111280468257,5049716
12314214607967840,5050690
12544130253148892,5050088
12532956857717894,5006476
12389437423758383,4285446
12527903635934057,5010728
12462393621502872,5050152
12362258169828289,5050702
12548662434201880,4116598
12415158781874432,5050348
12476707532475190,5050702
12548493472342792,5050817
12314433945119544,5050780
12548667109475172,5032332
12460544893786371,5050622
12535092021568517,5048992
12363445959434924,5049683
0,5050868
12314397666694612,5049581
12314311906166728,5050899
12430801044563296,5050556
12504481824919052,5050556
12314630481281227,5049581
12548654195863965,5050035
12548499446914314,5017837
12485039956711888,5050866
12494002006715351,5049716
12548541569893148,5049678
12439393887348400,4117309
12548667459103176,5048519
12369421772424212,5049331
12430801044563296,5050442
12532194528885085,5050442
12332438980883243,5048448
12525161213283624,5032817
0,5050868
12548664275543124,5029273
0,5050075
12526546331873347,5050622
12450526052596471,5050854
12314471422346816,5049385
12314617457503048,5050726
12538263338232981,5049581
0,5043697
12545869607112350,5050544
12488949861584176,5048957
12489099244763197,5050622
12395014057226897,3458220
12547957962294188,5050702
12314249998188420,5050868
12538279172507564,5049683
12546474773656398,5050857
12533957629379118,5050075
12362685190004089,5043271
12407662773662862,5050721
12548667566094476,5050702
12539056012166482,5043083
12548609764829488,5050765
12341942513617071,5049581
12548656496452567,5050854
12374894307941298,5050868
12314605896286258,5049182
12514385559992392,5047706
12505964238311937,5022771
12323838615875583,5050544
12430801044563296,5050348
12482637499243912,5049022
12494002006715351,5050780
12316734915274422,5047598
12428574894756504,5050409
12548625692476416,5050699
12315750910212948,5050702
12532785989437839,5050012
12314395032508746,5050622
0,5045412
0,4164648
12533957629379118,5050866
12525161213283624,5032761
12525165929536344,5050765
12430152508913543,5050817
12353040836837864,5049581
12315406695097994,5049173
12430801044563296,5049716
12538270356273995,5049716
12508062833128464,5049814
12548655692037698,5050857
12525161213283624,5031221
12548666361879819,5050442
12375107742224929,5050145
12481287472536574,5050075
12376449543108973,5050702
12427376644073803,5050756
12332618245563645,4901492
12336670242589250,3783881
12541648842815233,5048257
0,5049138
12362685190004089,5041829
12548552643539205,5049022
12548667692343992,4843885
12447409687458045,5050702
12537176684687190,5049581
12314559172681179,5050470
12533895796339227,5050012
12353040836837864,5049173
12523634425957309,5050702
12538046044064614,5050868
12430801044563296,5050756
12432049286562482,5050765
12546474773656398,5050825
12489051669219046,5050702
12542596637672037,5050741
12452259851597337,5050556
12498137576226980,5049007
12544317515486291,5050741
12314576939374252,5050702
12492993468423117,5050088
12548655125093965,5044443
12544340108906728,5050868
12315750910212948,5050868
12548500330474581,5049779
12314503443901814,5050035
12502404865899946,3003298
12376449543108973,5050857
12399737421119167,5043782
12314504106579084,5050702
12531350135892370,5050470
12532956857717894,5006476
12525861258874602,5050442
12317100352517979,5050690
12542537952479035,5050348
12452750118189855,5050622
12490883141651327,5050613
12432837300925585,5050721
12546474773656398,5050325
12505860348248666,5049678
15334976294106339,5050857
12470857597968782,5044093
12548655183596191,5043526
12499936137302559,5047480
12547703740461280,5049911
12332438980883243,5050857
12318793695966197,5050630
12323838615875583,5050402
12432537393804860,5050225
12362685190004089,5038069
12462393621502872,5049558
12438865419687066,5047780
12544902641095922,5049022
12547703740461280,5050689
12489041982185049,5047480
12314559172681179,5050622
12476707532475190,5050765
12374894307941298,5050622
12315886412641711,4865098
12548632745628093,5038592
12548663143473975,5048507
12548667566094476,5050868
12548365145469636,5050699
12314183474182138,5050702
12314471422346816,5049705
12479572772265953,5050868
12536227191094446,5050740
12534771879983110,5050868
12352236508716320,5049812
0,5050857
12536573295684671,5048395
12314464615687452,5048668
12370561516561886,5050817
12530006894003028,5050702
12440342796675655,5050756
12434374155154017,5049558
12372396290319353,5050088
12548627388217757,4542579
12332438980883243,5050622
12527903635934057,4280049
12402297183754100,5050538
12411211709943968,5050857
12314471422346816,5049385
12545869607112350,5050075
12533777243435756,5050726
12347468697365788,5050866
12314617457503048,5050740
12314471422346816,5047913
12416428975936027,5048580
12493123097933206,5050899
12411272438825779,5050741
12547703740461280,5050599
12316871170005014,5050817
12546283859348798,5050148
12548667132427579,4659099
12314503443901814,5049481
12314504143282100,5050888
12508062833128464,5050857
12541418281875345,5049581
12314207999684059,5046061
12508737316974507,5050764
12548667771404119,5050325
12548667132427579,3660895
12415097309453396,5050702
12548102160628691,3512832
12529464927031940,5048957
12527903635934057,893769
12320417483199693,5049206
12511872931711343,5050702
12493374755191483,5050348
12532785989437839,5048507
12545205573283613,5050866
12353040836837864,5048507
12505964238311937,5023216
12315967899702428,5050798
12514552105716778,5050442
12548667885783823,5050556
0,5050765
12543386874214248,5050857
12314471422346816,5049385
12548666721259972,5048448
12314504106579084,5050866
12548662142038207,5050740
1254866981925987,5044986
12460544893786371,5050348
12525998485008497,5049581
12416428975936027,5048580
12524511974212839,5050857
12469666858463233,5050348
12475234363112668,5050613
12404331226874128,5050854
12548400301953479,5050868
12314433945119544,5050544
12546678012169520,5050690
12451544083126802,5050702
12380771394568728,5050702
12316226164653972,5050492
1254833984718626,5050741
12404331226874128,5050556
12535747043451862,4116758
12509646735039740,5050868
12439393887348400,4116765
12447903068485393,5050866
12548529568502642,5050857
12314471422346816,5039572
12402583273289363,5048369
12505964238311937,5022768
12532862544027897,5050741
12382410190696094,5050857
12528341972083746,5050622
12548378360878224,5050868
12548654053462627,5050868
12314357694686110,5050622
12322771839491288,5050689
12548651283132031,5050756
12464644953123435,5050325
12393857595781911,4232385
12548330475284232,5050506
12477687734719136,5050878
12545889945743621,5050409
12393110228945385,5050505
12386018847378290,5047598
12543050270005175,5049474
1254866981925987,5047132
12462991561569130,5048519
12362789506876036,5050447
12323963129824652,4132650
12548667961092029,5050622
12389437423758383,4285446
12548659941799175,5049385
12318793695966197,5050630
12494002006715351,5050402
12531806624245415,5050622
12314506628576313,5050012
12523071154206418,5050518
12323838615875583,5050075
12314605896286258,5048448
12533957629379118,5042894
12317122633012009,5049222
12516241293856545,5050702
12547703740461280,5050379
12543531209098152,5050622
12473108018646757,5050473
12548655692037698,5050857
12548611805449817,5050868
12542040373522446,5050075
12548664057815803,5050740
12314559172681179,5048668
12527903635934057,4280049
12525292524186467,5050866
12314504106579084,5050765
12536134466247895,5050622
12317098289728748,5050857
12539159286702972,5050741
12320417483199693,5049481
12482637499243912,5047780
12314471422346816,5049385
12532785989437839,5050402
12331859874214304,5050702
12534771879983110,5050702
12351404087653614,5049198
12547223931317386,5050857
12337291986949519,5050857
12534462105046660,3820714
12533717459874577,5050613
12519215145747531,5044255
12538175770547118,5050265
12548668325388664,4467263
12547672291016722,4117133
12545874140105986,5050622
12314438827696783,5050857
12548667809011087,5049022
12548571723086278,5050868
12548664275543124,5034397
1254866981925987,5048829
12483861797344717,5049147
12495798001106798,5047670
12317098289728748,5050868
12314503443901814,5050035
0,5050636
12530326562451654,5050344
12523635894624512,5049581
12548654195863965,5050442
12370561516561886,5038276
12320399843922073,5050876
0,5050868
12314503443901814,5050442
12346400384386148,5050866
12427788329945248,5050857
12314656605222092,5050741
12316154380313915,5050348
12314472405711281,5050547
12548291333638857,5050741
12339469413591820,5050868
12501966027816146,5049481
12543338253471241,5049789
0,5050857
12548663635401270,5050521
0,5050868
12378955243709873,5048755
12376449543108973,5050857
12541648842815233,5047953
12575449353744043,5050741
12548668168327714,5031685
12476847102465841,5049008
12542418437779691,5049581
12314354488966152,5050866
12542537952479035,5049716
12548655307342445,5049581
12324892959471955,5050075
12504449667416438,5047137
12544670607945459,5050857
12473108018646757,5050505
12398062981251818,5050442
12317098289728748,5050765
12378100449365756,5049574
12314605896286258,5048957
12434474669175442,5044443
12466067606613655,5050866
12548459011569296,5048045
12481038126313269,5045412
12481038126313269,5048418
12481038126313269,5014538
12542310555112780,5050741
12481038126313269,5045378
12315173020007925,5048580
12427590669466849,5050291
12467376028477379,5050741
12548656496452567,5047598
12318793695966197,5050607
12545869607112350,5050544
12314549846938583,5050447
12548667566094476,5050699
12314178542485826,5050740
12473281020645315,5050505
12547607886786804,5050740
12317098289728748,5050702
12545869607112350,5050780
12376439481745900,5050741
12505964238311937,5022751
12468084507818193,5050857
12427269576638915,5050817
12314229794373800,5050868
12315967899702428,5050756
12314559620819025,5049219
12533717459874577,5050505
12378955243709873,5048821
12506369663128320,5049581
12548668171973304,5050866
12458460296574771,3350177
12315531327253314,5050702
12318788915738679,5044872
12520057268518011,5050741
12317098289728748,5050721
12314559620819025,5050622
12543531209098152,5050817
12315153141329920,5050442
12548662905938137,5050756
12546762992867927,5050702
12548655692037698,5050699
12419886961701987,5050857
12314433945119544,5050402
12532280928721219,5050868
12494264731436568,4113292
12432492632694354,5049716
12318788915738679,5007920
12515290441565459,5049222
12548668236002921,5048957
12545869607112350,5050291
12481038126313269,5044356
12324020818564192,1849559
12548665733821386,4074614
12401687721967588,5050442
15334976294106339,5050868
12547645311383106,5050741
1254861612801287,5050348
12548668229298853,5050866
12494264731436568,4113292
12478362539436389,5050442
12314553271561679,5050622
12543050270005175,5049905
12368888498127851,5050505
12522705825554250,1130684
12548259444377843,5050690
12546673357809406,5050866
12318788915738679,4886771
12315196980469986,5050857
12548663056618276,5048507
12317530826928794,5048519
12339241490574623,5011512
12392112121943195,4587493
12533895796339227,5050291
12527038623934725,5049581
12548668238682419,5049022
12320409725932507,5050212
12317098289728748,5050506
12548665733821386,1794254
12384797901095198,5047577
12460262812269735,5047480
12314450271023301,5050702
12461814456442159,4117045
12535536911514921,5050622
12314209731221400,5049839
12432492632694354,5049374
0,5050544
12539023851256124,5050522
12319968011235308,5050868
12352957865608217,5050457
12358120299068385,5049839
12447774116351611,5048389
12382836961991280,5049581
12314559620819025,5050825
12541863422767541,5050075
12542310555112780,5050741
12317098289728748,5050817
12533256173393735,5050492
12537092662069004,1312149
12528658894495099,5050765
12548459011569296,5049081
12318793695966197,5050134
12535622167976827,5050387
12317098289728748,5050854
0,4465535
12488949861584176,5050857
12390160270153858,5050622
12545877303434175,5050581
12548668186662156,4682134
12548668329036729,5049581
12524017517505479,5050622
12382773581567425,5049214
12528658894495099,5050857
12402583273289363,5048356
12548611805449817,5050866
12545869607112350,5050780
11362200936031318,3898511
12473108018646757,5044986
12332168796601297,5050740
12530326562451654,5048668
12547581647263878,5050866
12316626457276086,3995545
12466846078647149,5050702
12548655307342445,5050075
12406063426259861,5050442
12495851653926862,5050866
12508062833128464,5050817
12314433945119544,5050868
12545869607112350,5050012
12351404087653614,5050409
12547327689846854,5050857
12314207999684059,5046061
12548627203459661,5050518
12314435183115627,5050868
0,5050765
12504449667416438,5050075
12548668329036729,5049147
12369490829683495,5050613
12316226164653972,5050854
12314229794373800,5050702
12546674284379416,5050857
12326971291602020,5050556
12548620475317168,5050765
12548668329036729,5049007
12548663134689410,5050740
12545877303434175,5049558
12466956020622848,5050702
12473108018646757,5043271
12541654942779929,5048507
12479572772265953,5050857
12447683771639666,5049741
12442125877146854,4116884
12535092021568517,5048818
12522630545473355,5050740
12535622167976827,5049494
12428574894756504,5049581
12368451190523226,5050899
12534868712456967,5050348
12513770677784489,5050702
12426546213878849,3565334
12314435183115627,5050702
12548554280005274,5050622
1242333825759898,5049581
12408672463905330,4117144
12478722395762650,5050765
12540823386925444,4470772
12314541959531530,5050721
12548668600361280,3668743
12317098289728748,5050899
12314417281252588,5049716
12314276008992782,5050876
12531806624245415,5050899
12548265404216307,5050857
12314585924492298,5050857
12314253217811687,5050622
12538791288958600,5049678
12545869607112350,5050780
12494270095788062,5050868
12541688464681038,5049331
12473442848437706,5050442
1231434955234823,5050866
12548656496452567,5048820
12315920572652360,5050868
12548571723086278,5050622
12432049286562482,5050825
12443758119962704,5050765
12529729977865339,5050857
12541648842815233,5046948
12548552643539205,5047706
12478619501718028,5004652
0,5050012
12547830014441034,5050765
12439393887348400,4117309
12314524619887482,5050486
12314311906166728,5050741
0,5050741
12548665551914566,5050765
12537476555073503,5050726
12346400384386148,5050868
12545869607112350,5049581
12470061328086722,5050622
12542040373522446,5044443
12548581486668265,1742306
12489364559259510,5050868
12379387087172349,5050765
12545216211257951,5050622
12538279172507564,5050899
12367030470785613,5050825
12317149260834202,5050868
12314962251736681,5049581
12514552105716778,5049515
12315209954471871,5050857
12369837480157292,5050868
12371519137942083,5050765
12548667566094476,5050866
12546611401832843,5050741
12548668573639264,5049581
12544468099382644,5049581
12539023851256124,5047719
12496866645673384,5047598
12539539413123303,5050506
12537476555073503,5050765
12317098289728748,3410776
12430418829387672,5042833
12391369886859127,5050857
12314253217811687,5050868
12314541959531530,5050817
0,3836368
12326661058164352,5050866
12315967899702428,5050866
12473362756955665,5050702
12545377479371128,5050868
12479509181844204,4116825
12543531209098152,5050868
12314438827696783,5050699
12375911256862723,5050868
12314802385495307,5050442
12481038126313269,5047780
12548655692037698,5050699
12548291333638857,5050622
12376395697501878,5050899
12461814456442159,4117060
12546878733675344,4258431
12539695095641484,5050765
12538827042548132,5050075
12452787404215672,5050857
12473442848437706,5050348
12482539111449082,5050622
12314201834309071,5050866
12538175770547118,5050726
12531742319074501,5048395
12520634541693458,5050622
12439834015547691,5050741
12537476555073503,5050857
12462393621502872,5050152
10630447918585002,5050780
12470857597968782,5042615
12317098289728748,5050613
12548668536404010,1750175
1254866871692636,4117325
12367030470785613,5050837
0,4834309
12480372359534085,5050868
12536183012501729,4341669
12537476555073503,5050868
12317571336259869,5050876
12314957432123174,5050702
0,5050348
12314323965319469,5048918
12513682359116344,5050506
12501818608593976,5050868
12520458634844980,5042431
12530726943379868,5050817
12448737511476361,5050868
12548576738046080,5049374
12548436476467284,2020879
12371566242368619,5050613
12515242148882807,5050127
12548668757825817,5050556
12544087604581547,5050868
0,5050868
12548668573639264,5050780
12457758508416685,5050599
10098450458437018,2969898
12320172758405273,5050876
12537334586098516,5050866
12314486426784354,5050442
12534411264533338,5050370
12544192858788463,5050702
12314197551992078,5050741
12331859874214304,5050613
12498587173533858,5049007
12515019378414726,5050721
12317122633012009,5050148
12314359454531614,5049147
12547268050439834,5027744
12548668779515939,4080025
12447903068485393,5050702
12506675577655642,5050868
12548476252428759,5050702
12488241690174335,5050622
12322101070372617,5007818
12547843251939712,5049716
1246090669296946,5050505
12344440137135371,5049581
12420427749635311,5050897
12537476555073503,5050837
12542418437779691,5050622
12384665051732691,5050348
12314524619887482,5048828
12364359373592825,5047625
12318885673708666,5047598
12358210598947441,5050556
12548534318489061,5044093
12545954040552118,5050866
12314471422346816,5046738
12548665551914566,5050064
12443758119962704,5050868
12537835842318234,5049747
12546673357809406,5050876
0,5050868
12323626907096523,5050075
12418243902861289,5050868
12476847102465841,5050075
12384665051732691,5050075
12316221382344547,5050868
12548666987548150,5050868
12314486426784354,5050556
12314182578759774,5050622
12457587127176509,5049911
12537476555073503,5050825
12341247825506380,5049534
12314576986402908,5050868
12314265606577917,5050866
12460232916393591,4330620
12505964238311937,5022683
12314323965319469,5050521
12370561516561886,5050817
12324627599073235,5050622
0,5009915
12314486426784354,5049581
12475162911167382,5050868
12548667809011087,5049022
12447190674216237,5049007
12546428278222534,5049377
12548365145469636,5049374
12481646452933511,5048507
12524223153501554,5048580
12376449543108973,5050492
12548668675551107,5050325
12546428278222534,5024654
12384665051732691,5050780
12318793695966197,5050132
12491492088905714,5050765
12470857597968782,5044093
12476847102465841,5049007
12541376565921123,4875175
12353516709744627,5049581
12464644953123435,5050442
12346509237654870,5050581
12384665051732691,5050075
12513878758064729,5050702
12481038126313269,5050409
12548668901403925,5049022
12513642013245282,5050866
12548667364367890,4854062
1242146387156126,4975550
12548637439488321,5050726
12314213963127826,5050702
12536183012501729,4341669
0,5050868
12537476555073503,5050780
12544842966718650,5050756
12407662773662862,5050765
12545202829053820,5049581
12441018522256297,5050456
12487679980945079,5050780
12537434794385666,5050064
12533895796339227,5050402
12320409725932507,5048788
12314253217811687,5050825
12534411264533338,5049911
12548620475317168,5050780
12504000788227876,5050702
12317149260834202,5050702
0,5050868
12548668942188373,5050866
12548667809011087,5044093
12548637439488321,5050857
12331764331246167,5050857
12475162911167382,5050699
12537476555073503,5050547
12546710778019958,5050866
12314486426784354,5050075
12331512551412612,5050866
0,5050741
12476847102465841,5050012
12314486426784354,5050348
0,5050158
12443639891581,5044093
12548330475284232,5050702
12481646452933511,5045189
12547703740461280,5050868
12488806951093946,5050868
12405574954689589,5047953
10098450458437018,4892603
12401687721967588,5050780
12502057502961193,3491600
12340462131639780,5050622
12314207999684059,5050699
12535720814864784,5050740
12347311773604995,5050492
12547703740461280,5050866
12548668942188373,5050702
12314245730019210,5045575
12475200190493167,5050868
12524160098637921,5047780
12467859860942627,5050868
12546710778019958,5050765
12470660918129566,5050556
12548520318892459,5044443
12432837300925585,5050028
12367714295302949,5049705
12534598363213367,5050740
12352236508716320,5049581
12314433945119544,5050556
12314435183115627,5050866
12470815385318244,5044443
12368888498127851,5050505
12502057502961193,5032744
12331859874214304,5050409
12547703740461280,5050702
12525861258874602,5049377
12315195792299852,5049581
12314486426784354,5049716
12475200190493167,5050857
12447774116351611,5048957
12531348666658747,5050544
12546710778019958,5050622
12414533838129387,5050702
12547703740461280,5050721
12443639891581,5042615
1254231647147632,5048755
12314472405711281,5050544
12461814456442159,4117042
12322771839491288,5049222
12539654071197563,5050765
12314438827696783,5050741
12395014057226897,3436206
12519182324531511,2623952
12544278803568459,4295308
12547752428366923,5050765
12317759352964151,5050899
12315835339779586,5050868
12515019378414726,5050868
12314605896286258,5050690
12501818608593976,5050348
12349988773265056,5049022
12378955243709873,5047079
12539654071197563,5050857
12524223153501554,5050613
12441251904939007,5050702
12547618518774035,5050868
12367714295302949,5046738
12548552643539205,5049147
12406063426259861,5050899
12542544787076277,5048590
12322771839491288,5050689
12347468697365788,5050765
12321164051114152,5050556
12462393621502872,5049504
12314525903599486,5049569
12545205573283613,5050702
12334961850629359,4116851
12543370175193785,5050854
12314180955481516,5050702
12447190674216237,5049762
12314486426784354,5050756
12543531209098152,5050075
12370477453599062,5048395
12539654071197563,5050868
12378352323217762,5049683
12460887353259231,5046591
12475200190493167,5050147
12322771839491288,5050622
12548620475317168,5050544
12519038333944924,5050857
12539731534534567,5040243
12516407102158619,5050556
12428260085312344,5050348
12367866379032891,5050857
12505964238311937,5020240
12548652647597053,5050622
12548259444377843,5048395
12547618518774035,5050780
12498819975682316,5050556
12475162911167382,5050721
12314504143282100,5050434
12331368408369221,5050720
12383228891871075,5050817
12315668680151594,5050857
12314393313587093,5048071
12314253217811687,5050868
12522117395433961,5050348
12384665051732691,5050486
12525165929536344,5043805
12548669197181659,4650327
12546674284379416,5050566
12544087604581547,5050622
12508737316974507,5048966
12316158356676458,5050741
12515442603756688,5050622
12518367412882705,5048507
12512159216844923,5050622
12548583202393815,5050780
12548663635401270,5050506
12548655692037698,5050518
12314471422346816,5040346
12548655307342445,5050075
12521003490767970,5050420
12357667918339042,5045235
12523390764456461,5049683
12314207999684059,5050868
12417488707511187,5050868
0,5050402
12511872931711343,5050868
12314253217811687,5050765
12364563579918636,5050556
12422099565988095,5050622
12493418845996054,5049678
12513219007411870,5050547
0,5050740
12548635046592196,5050622
12547618518774035,5048519
12414533838129387,5050866
12370477453599062,5050868
12362789506876036,5050888
12547703740461280,5050699
12548629007562072,5050780
12548666987548150,5050868
12348023413948269,5050622
12514041130005370,5050868
12405207526435831,5050857
12536227191094446,5050721
12314180955481516,5050456
12522769140777529,5050857
12542307485087920,5050857
12331368408369221,5050720
12548669079256445,5049977
12548534318489061,4584063
12547581647263878,5050702
12548668888553997,3335947
12533777243435756,5050702
12547703740461280,5050740
12520170972174915,4732120
12506247637507140,4273959
12507182197376784,5050854
12545548323603294,5050765
12432397340797901,5050641
12512158193735049,5045197
12548655307342445,5050291
12547703740461280,5050817
1254866245782922,5047833
12395014057226897,2974016
12548669018779269,4116680
12548620475317168,5050012
12513642013245282,5050702
12483490059212440,5050556
12314393313587093,5050866
12505964238311937,5020152
12526564766096404,5050726
12447903068485393,5050721
12547703740461280,5050506
12545032155075310,5050622
12382836961991280,5050075
12395014057226897,2846859
12543386874214248,5050390
12357364185628647,5048820
12443340779906330,5050741
12544044050948423,5050741
12487679980945079,5050780
12314464615687452,5049222
12548669919005118,5048149
12364563579918636,5050854
12548669326061827,5050622
12548259444377843,5049683
12314813561751847,5048818
12548669267346834,5050348
12475200190493167,5049949
12546794049372079,5048957
12546700910728727,5050075
12414426702811209,5050075
12341247825506380,5049152
12470061328086722,5050075
12487679980945079,5050780
12354739440237521,5050721
12395014057226897,2833515
12548665551914566,5050409
12318793695966197,5050720
12368074114361928,5047483
12542643930495819,5050075
12314180672947666,5050702
0,5050063
12315254525257805,5049581
12546903403921016,5004392
12455006990287288,5049747
12529729977865339,5050825
12548672786838861,4989673
12465643602845660,5050868
0,5050127
12543272862016015,5050888
12542418437779691,5049747
12548662905938137,5048519
12546794049372079,5050622
12541376565921123,5036903
12548520367276138,5049581
12462129961723753,5050075
12548666721259972,5048957
12505964238311937,5018967
12314585924492298,5050857
12320409725932507,5050466
12541863422767541,5050613
12314524619887482,5050486
12457758508416685,5050345
12317149260834202,5050506
12496866645673384,5050854
0,5050765
12529613416074694,5050897
12513219007411870,5050075
12546037975878112,5050866
12314471422346816,5039380
12414426702811209,5050780
12530389809188656,5050442
12489221481972304,5050556
12546674284379416,5050566
12315835339779586,5050765
12488949861584176,5050825
12548669835315486,5050866
12492420346406046,5045197
0,5050868
12548666987548150,5050817
12548669208869534,5050857
12546903403921016,4994928
12506369663128320,5044443
12544670607945459,5050857
12545877303434175,5048918
12548559811711109,5050702
12548654053462627,5050765
12333259409568256,5050868
12548666484467262,5050868
12528517923283385,5050857
12514041130005370,5050765
12536272813428229,5050622
12499786026834663,5049839
12548665924211966,5048916
12523390764456461,5050442
0,4289501
12314524619887482,5047577
12538791288958600,5049198
12536273638496778,4988763
12548620475317168,5049007
12395014057226897,2374156
12441161845485396,4552264
12536227191094446,5050702
12315181708565256,5050857
0,2897809
12353040836837864,5049581
12353040836837864,5048507
0,5050726
12548559811711109,5050721
12546164876826899,5049022
12542559879793252,5048809
12528254369195426,5050622
12314558222764134,5050348
12323626907096523,5043782
12548665924211966,5043904
12353040836837864,5049173
12541714585001858,5050699
12513158440324633,5050817
12548669490249297,4117019
12325990183288237,5050857
12541648842815233,5049214
12523346954285808,5050764
12457587127176509,5050689
12314461682738137,5050442
12548669503284472,5037000
12523390764456461,5050325
12515242148882807,5049839
12533895796339227,5050291
1254866871692636,4117323
12316932300315732,5050622
12548668942188373,5050622
12548655692037698,5050518
12491287474956240,5050622
12548669490281548,5050613
12325550325166313,5050868
12547155196847855,5050756
12501966027816146,5048976
12471328278431335,4980463
12491492088905714,5050547
12513158440324633,5050622
12462393621502872,5049374
12543315191132173,5050741
12399737421119167,5050868
12533895796339227,5050012
12314471422346816,5035991
12548657471648376,5050780
1241876246274446,5050622
12548667076253602,3917713
12546674284379416,5050566
12533895796339227,5050544
12407662773662862,5050857
12505964238311937,5018948
12314413891398168,5050726
12314558768376867,5050622
12548212692042770,5047014
12533895796339227,5050547
12506843375484023,5049581
12315193620918619,5050868
12539695095641484,5050866
0,5050857
12525292524186467,5050868
12314245730019210,5044748
12317100352517979,5044356
12500291292513711,5050857
12490394525156553,5050857
12546894384066115,5050868
12533895796339227,5050547
12314471422346816,5037139
12436364396535651,5050442
12498463549211432,5050866
0,5050702
12314179641898429,5050622
12531348666658747,5050075
12511302778758534,5050556
12548476252428759,5050556
12548655307342445,5050544
12315041058432631,5050868
12533895796339227,5050780
12548669663064565,5050556
12482637499243912,5050780
12548669272981382,5050854
12314433945119544,5050765
12432397340797901,5050633
12548663056618276,5049683
12548665924211966,5048510
12432492632694354,5049374
12548669667035948,5050622
12543386874214248,5050756
12331859874214304,5047598
12468216162143486,5049588
12548669663112223,5049581
12548611805449817,5050899
12548667076253602,3917713
12499915609156242,5050857
12548660847748263,5049022
12499915609156242,5050868
12536273638496778,5050505
12317149260834202,5049949
12543272862016015,5048712
12342234595157440,5050063
12548669725692080,4869031
12391349248812967,5043360
12547561353578271,2608667
12314630481281227,5049259
12450526052596471,5050506
12531350135892370,5050641
12379387087172349,5050726
0,5044443
12482779763284201,5050470
12516241293856545,5050868
12370561516561886,5048580
12546591436607987,4600677
12545548323603294,5050866
12538724559292306,5050741
12548669836769786,3020871
12545808369217940,5050868
12512334444763586,5050866
12536273638496778,5048829
12511302778758534,5050702
12399737421119167,5049377
12547679629281664,5050868
0,5049705
12548076701637598,5050756
12432837300925585,5050765
12347311773604995,5048820
12317173314217394,5050868
12473108018646757,4993464
12432492632694354,5049716
12454812060931774,5050868
12498947683742944,5050866
12314972034459728,5049022
12431562738162622,5050857
12314197551992078,5050613
12543531209098152,5049022
12547747048282158,5048580
12548669663112223,5049581
0,5050765
12314486426784354,5050035
12367030470785613,5050837
12548655692037698,5050486
